-- phpMyAdmin SQL Dump
-- version 5.1.1
-- https://www.phpmyadmin.net/
--
-- Host: 127.0.0.1
-- Generation Time: Dec 24, 2021 at 08:58 AM
-- Server version: 10.4.22-MariaDB
-- PHP Version: 8.0.13

SET SQL_MODE = "NO_AUTO_VALUE_ON_ZERO";
START TRANSACTION;
SET time_zone = "+00:00";


/*!40101 SET @OLD_CHARACTER_SET_CLIENT=@@CHARACTER_SET_CLIENT */;
/*!40101 SET @OLD_CHARACTER_SET_RESULTS=@@CHARACTER_SET_RESULTS */;
/*!40101 SET @OLD_COLLATION_CONNECTION=@@COLLATION_CONNECTION */;
/*!40101 SET NAMES utf8mb4 */;

--
-- Database: `db_absensi`
--

-- --------------------------------------------------------

--
-- Table structure for table `gedung`
--

CREATE TABLE `gedung` (
  `gedung_id` int(11) NOT NULL,
  `nama_gedung` varchar(50) NOT NULL,
  `alamat` varchar(50) NOT NULL
) ENGINE=InnoDB DEFAULT CHARSET=latin1;

--
-- Dumping data for table `gedung`
--

INSERT INTO `gedung` (`gedung_id`, `nama_gedung`, `alamat`) VALUES
(1, 'MIC TRANSFORMER', 'Jl. Raya Pandanrejo No.2,  Kec. Bumiaji, Kota Batu');

-- --------------------------------------------------------

--
-- Table structure for table `groups`
--

CREATE TABLE `groups` (
  `id` mediumint(8) UNSIGNED NOT NULL,
  `name` varchar(20) NOT NULL,
  `description` varchar(100) NOT NULL
) ENGINE=InnoDB DEFAULT CHARSET=utf8;

--
-- Dumping data for table `groups`
--

INSERT INTO `groups` (`id`, `name`, `description`) VALUES
(1, 'admin', 'Administrator'),
(3, 'Operator', 'Operator');

-- --------------------------------------------------------

--
-- Table structure for table `jabatan`
--

CREATE TABLE `jabatan` (
  `id_jabatan` int(11) NOT NULL,
  `nama_jabatan` varchar(20) NOT NULL
) ENGINE=InnoDB DEFAULT CHARSET=latin1;

--
-- Dumping data for table `jabatan`
--

INSERT INTO `jabatan` (`id_jabatan`, `nama_jabatan`) VALUES
(1, 'WEB DEVELOPMENT'),
(2, 'MEDIA'),
(3, 'MARKETING');

-- --------------------------------------------------------

--
-- Table structure for table `karyawan`
--

CREATE TABLE `karyawan` (
  `id` int(11) NOT NULL,
  `id_karyawan` varchar(20) NOT NULL,
  `nama_karyawan` varchar(30) NOT NULL,
  `jabatan` int(11) NOT NULL,
  `id_shift` int(20) NOT NULL,
  `gedung_id` int(11) NOT NULL
) ENGINE=InnoDB DEFAULT CHARSET=latin1 ROW_FORMAT=COMPACT;

--
-- Dumping data for table `karyawan`
--

INSERT INTO `karyawan` (`id`, `id_karyawan`, `nama_karyawan`, `jabatan`, `id_shift`, `gedung_id`) VALUES
(1, 'W2112001', 'Anthony Gunardi Purwadipura', 1, 1, 1),
(2, 'M2112001', 'Diky Dwi Junianto', 2, 1, 1),
(3, 'M2112002', 'Febyan Aryanandaka', 2, 1, 1),
(4, 'M2112003', 'Mochamad Samsul Hadi', 2, 1, 1),
(5, 'M2112004', 'Mochtar Efvrin Samjaya', 2, 1, 1),
(6, 'M2112005', 'Muchammad Miqdarul Fikri', 2, 1, 1),
(7, 'M2112006', 'Rhudolf Martua Raja L Tobing', 2, 1, 1),
(8, 'M2112007', 'Septian Aprilianto', 2, 1, 1),
(9, 'M2112008', 'Shoiful Umam', 2, 1, 1),
(10, 'M2112009', 'Aditya Mahendra', 3, 2, 1),
(11, 'M2112010', 'Ata Rohmatika', 3, 2, 1),
(12, 'M2112011', 'Bayu Setiawan', 3, 2, 1),
(13, 'M2112012', 'Lakshmi Miradiana', 3, 2, 1),
(14, 'M2112013', 'Lilis Nur Imama', 3, 2, 1),
(15, 'M2112014', 'Mathea Millenia Mareliasari', 3, 2, 1),
(16, 'M2112015', 'Rizky Dias Ayu Kusuma P', 3, 2, 1),
(17, 'M2112016', 'Sriwindy Lebang Tandiallo', 3, 2, 1);

-- --------------------------------------------------------

--
-- Table structure for table `kehadiran`
--

CREATE TABLE `kehadiran` (
  `id_khd` int(11) NOT NULL,
  `nama_khd` varchar(10) NOT NULL
) ENGINE=InnoDB DEFAULT CHARSET=latin1;

--
-- Dumping data for table `kehadiran`
--

INSERT INTO `kehadiran` (`id_khd`, `nama_khd`) VALUES
(1, 'Hadir'),
(2, 'Sakit'),
(3, 'Ijin'),
(4, 'Alpha'),
(5, 'Lepas/Off'),
(6, 'Terlambat');

-- --------------------------------------------------------

--
-- Table structure for table `login_attempts`
--

CREATE TABLE `login_attempts` (
  `id` int(11) UNSIGNED NOT NULL,
  `ip_address` varchar(45) NOT NULL,
  `login` varchar(100) NOT NULL,
  `time` int(11) UNSIGNED DEFAULT NULL
) ENGINE=InnoDB DEFAULT CHARSET=utf8;

-- --------------------------------------------------------

--
-- Table structure for table `menu`
--

CREATE TABLE `menu` (
  `id` int(11) NOT NULL,
  `name` varchar(50) NOT NULL,
  `link` varchar(50) NOT NULL,
  `icon` varchar(30) NOT NULL,
  `protected` tinyint(4) DEFAULT NULL,
  `is_active` int(1) NOT NULL,
  `is_parent` int(1) UNSIGNED NOT NULL,
  `sort` int(10) UNSIGNED NOT NULL
) ENGINE=InnoDB DEFAULT CHARSET=latin1;

--
-- Dumping data for table `menu`
--

INSERT INTO `menu` (`id`, `name`, `link`, `icon`, `protected`, `is_active`, `is_parent`, `sort`) VALUES
(15, 'menu management', 'menu', 'fa fa-list-alt', NULL, 1, 42, 14),
(16, 'master data', 'sdf', 'fa fa-folder', NULL, 1, 0, 1),
(18, 'data Karyawan', 'karyawan', 'fa fa-user', NULL, 1, 16, 2),
(19, 'data Divisi', 'jabatan', 'fa fa-briefcase', NULL, 1, 16, 3),
(21, 'Data Jam Kerja', 'shift', 'fa fa-retweet', NULL, 1, 16, 4),
(22, 'data Lokasi', 'lokasi', 'fa fa-location-arrow', NULL, 1, 16, 5),
(31, 'Ambil QR Code', 'GenBar', 'fa fa-qrcode', NULL, 1, 0, 6),
(33, 'Scan QRCODE', 'scan', 'fa fa-search-plus', NULL, 1, 0, 7),
(35, 'User management', 'users', 'fa fa-users', NULL, 1, 42, 13),
(36, 'Histori Absensi', 'presensi', 'fa fa-paperclip', NULL, 1, 41, 9),
(39, 'Rekap Absensi', 'rekap', 'fa fa-list-alt', NULL, 1, 41, 10),
(41, 'Data Absensi', 'dataabs', 'far fa-folder-open', NULL, 1, 0, 8),
(42, 'setting', 'setting', 'fas fa-cogs', NULL, 1, 0, 11);

-- --------------------------------------------------------

--
-- Table structure for table `presensi`
--

CREATE TABLE `presensi` (
  `id_absen` int(11) NOT NULL,
  `id_karyawan` varchar(20) NOT NULL,
  `tgl` date NOT NULL,
  `jam_msk` time NOT NULL,
  `jam_klr` time NOT NULL,
  `id_khd` int(11) DEFAULT NULL,
  `ket` varchar(150) NOT NULL,
  `img` varchar(500) NOT NULL,
  `id_status` int(11) NOT NULL
) ENGINE=InnoDB DEFAULT CHARSET=latin1;

-- --------------------------------------------------------

--
-- Table structure for table `shift`
--

CREATE TABLE `shift` (
  `id_shift` int(11) NOT NULL,
  `nama_shift` varchar(255) NOT NULL
) ENGINE=InnoDB DEFAULT CHARSET=latin1;

--
-- Dumping data for table `shift`
--

INSERT INTO `shift` (`id_shift`, `nama_shift`) VALUES
(1, '09.00-17.00'),
(2, '08.00-17.00');

-- --------------------------------------------------------

--
-- Table structure for table `stts`
--

CREATE TABLE `stts` (
  `id_status` int(11) NOT NULL,
  `nama_status` varchar(15) NOT NULL
) ENGINE=InnoDB DEFAULT CHARSET=latin1;

--
-- Dumping data for table `stts`
--

INSERT INTO `stts` (`id_status`, `nama_status`) VALUES
(1, 'Masuk'),
(2, 'Pulang'),
(3, 'tidak hadir');

-- --------------------------------------------------------

--
-- Table structure for table `users`
--

CREATE TABLE `users` (
  `id` int(11) UNSIGNED NOT NULL,
  `ip_address` varchar(45) NOT NULL,
  `username` varchar(100) DEFAULT NULL,
  `password` varchar(255) NOT NULL,
  `email` varchar(254) NOT NULL,
  `activation_selector` varchar(255) DEFAULT NULL,
  `activation_code` varchar(255) DEFAULT NULL,
  `forgotten_password_selector` varchar(255) DEFAULT NULL,
  `forgotten_password_code` varchar(255) DEFAULT NULL,
  `forgotten_password_time` int(11) UNSIGNED DEFAULT NULL,
  `remember_selector` varchar(255) DEFAULT NULL,
  `remember_code` varchar(255) DEFAULT NULL,
  `created_on` int(11) UNSIGNED NOT NULL,
  `last_login` int(11) UNSIGNED DEFAULT NULL,
  `active` tinyint(1) UNSIGNED DEFAULT NULL,
  `first_name` varchar(50) DEFAULT NULL,
  `last_name` varchar(50) DEFAULT NULL,
  `company` varchar(100) DEFAULT NULL,
  `phone` varchar(20) DEFAULT NULL
) ENGINE=InnoDB DEFAULT CHARSET=utf8;

--
-- Dumping data for table `users`
--

INSERT INTO `users` (`id`, `ip_address`, `username`, `password`, `email`, `activation_selector`, `activation_code`, `forgotten_password_selector`, `forgotten_password_code`, `forgotten_password_time`, `remember_selector`, `remember_code`, `created_on`, `last_login`, `active`, `first_name`, `last_name`, `company`, `phone`) VALUES
(1, '::1', 'Admin', '$2y$12$MPcQlOck9fzd/5UjJ6iIXuhZivhkXdfoVD2xFXpZTnZ2IWQw/nFhW', 'admin@admin.com', NULL, NULL, NULL, NULL, NULL, NULL, NULL, 1556798313, 1640331069, 1, 'Admin', 'MIC Transformer', NULL, '123412341234'),
(2, '::1', 'Operator', '$2y$10$ibxBt.RYG7jib0JxBxB1.usc9pzjqUqPPTvwLgPp1gMRKg6VMLLei', 'operator@operator.com', NULL, NULL, NULL, NULL, NULL, NULL, NULL, 1562178403, 1639639442, 1, 'operator', '2', NULL, '34890234809238490'),
(3, '::1', 'Staff', '$2y$12$RHPXgho6UJLQWv8W3F9oJekbSnFYXyhNADZvuqaYmGEoUD6Yl1Hd.', 'staff@staff.com', NULL, NULL, NULL, NULL, NULL, NULL, NULL, 1564294648, 1564294659, 1, 'staf', 'staff', NULL, '239423849234890');

-- --------------------------------------------------------

--
-- Table structure for table `users_groups`
--

CREATE TABLE `users_groups` (
  `id` int(11) UNSIGNED NOT NULL,
  `user_id` int(11) UNSIGNED NOT NULL,
  `group_id` mediumint(8) UNSIGNED NOT NULL
) ENGINE=InnoDB DEFAULT CHARSET=utf8;

--
-- Dumping data for table `users_groups`
--

INSERT INTO `users_groups` (`id`, `user_id`, `group_id`) VALUES
(1, 1, 1),
(2, 2, 3);

--
-- Indexes for dumped tables
--

--
-- Indexes for table `gedung`
--
ALTER TABLE `gedung`
  ADD PRIMARY KEY (`gedung_id`);

--
-- Indexes for table `groups`
--
ALTER TABLE `groups`
  ADD PRIMARY KEY (`id`);

--
-- Indexes for table `jabatan`
--
ALTER TABLE `jabatan`
  ADD PRIMARY KEY (`id_jabatan`);

--
-- Indexes for table `karyawan`
--
ALTER TABLE `karyawan`
  ADD PRIMARY KEY (`id`);

--
-- Indexes for table `kehadiran`
--
ALTER TABLE `kehadiran`
  ADD PRIMARY KEY (`id_khd`);

--
-- Indexes for table `login_attempts`
--
ALTER TABLE `login_attempts`
  ADD PRIMARY KEY (`id`);

--
-- Indexes for table `menu`
--
ALTER TABLE `menu`
  ADD PRIMARY KEY (`id`);

--
-- Indexes for table `presensi`
--
ALTER TABLE `presensi`
  ADD PRIMARY KEY (`id_absen`);

--
-- Indexes for table `shift`
--
ALTER TABLE `shift`
  ADD PRIMARY KEY (`id_shift`);

--
-- Indexes for table `stts`
--
ALTER TABLE `stts`
  ADD PRIMARY KEY (`id_status`);

--
-- Indexes for table `users`
--
ALTER TABLE `users`
  ADD PRIMARY KEY (`id`),
  ADD UNIQUE KEY `uc_email` (`email`),
  ADD UNIQUE KEY `uc_activation_selector` (`activation_selector`),
  ADD UNIQUE KEY `uc_forgotten_password_selector` (`forgotten_password_selector`),
  ADD UNIQUE KEY `uc_remember_selector` (`remember_selector`);

--
-- Indexes for table `users_groups`
--
ALTER TABLE `users_groups`
  ADD PRIMARY KEY (`id`),
  ADD UNIQUE KEY `uc_users_groups` (`user_id`,`group_id`),
  ADD KEY `fk_users_groups_users1_idx` (`user_id`),
  ADD KEY `fk_users_groups_groups1_idx` (`group_id`);

--
-- AUTO_INCREMENT for dumped tables
--

--
-- AUTO_INCREMENT for table `gedung`
--
ALTER TABLE `gedung`
  MODIFY `gedung_id` int(11) NOT NULL AUTO_INCREMENT, AUTO_INCREMENT=2;

--
-- AUTO_INCREMENT for table `groups`
--
ALTER TABLE `groups`
  MODIFY `id` mediumint(8) UNSIGNED NOT NULL AUTO_INCREMENT, AUTO_INCREMENT=4;

--
-- AUTO_INCREMENT for table `jabatan`
--
ALTER TABLE `jabatan`
  MODIFY `id_jabatan` int(11) NOT NULL AUTO_INCREMENT, AUTO_INCREMENT=4;

--
-- AUTO_INCREMENT for table `karyawan`
--
ALTER TABLE `karyawan`
  MODIFY `id` int(11) NOT NULL AUTO_INCREMENT, AUTO_INCREMENT=18;

--
-- AUTO_INCREMENT for table `kehadiran`
--
ALTER TABLE `kehadiran`
  MODIFY `id_khd` int(11) NOT NULL AUTO_INCREMENT, AUTO_INCREMENT=7;

--
-- AUTO_INCREMENT for table `login_attempts`
--
ALTER TABLE `login_attempts`
  MODIFY `id` int(11) UNSIGNED NOT NULL AUTO_INCREMENT;

--
-- AUTO_INCREMENT for table `menu`
--
ALTER TABLE `menu`
  MODIFY `id` int(11) NOT NULL AUTO_INCREMENT, AUTO_INCREMENT=43;

--
-- AUTO_INCREMENT for table `presensi`
--
ALTER TABLE `presensi`
  MODIFY `id_absen` int(11) NOT NULL AUTO_INCREMENT;

--
-- AUTO_INCREMENT for table `shift`
--
ALTER TABLE `shift`
  MODIFY `id_shift` int(11) NOT NULL AUTO_INCREMENT, AUTO_INCREMENT=3;

--
-- AUTO_INCREMENT for table `stts`
--
ALTER TABLE `stts`
  MODIFY `id_status` int(11) NOT NULL AUTO_INCREMENT, AUTO_INCREMENT=5;

--
-- AUTO_INCREMENT for table `users`
--
ALTER TABLE `users`
  MODIFY `id` int(11) UNSIGNED NOT NULL AUTO_INCREMENT, AUTO_INCREMENT=4;

--
-- AUTO_INCREMENT for table `users_groups`
--
ALTER TABLE `users_groups`
  MODIFY `id` int(11) UNSIGNED NOT NULL AUTO_INCREMENT, AUTO_INCREMENT=3;

--
-- Constraints for dumped tables
--

--
-- Constraints for table `users_groups`
--
ALTER TABLE `users_groups`
  ADD CONSTRAINT `fk_users_groups_groups1` FOREIGN KEY (`group_id`) REFERENCES `groups` (`id`) ON DELETE CASCADE ON UPDATE NO ACTION,
  ADD CONSTRAINT `fk_users_groups_users1` FOREIGN KEY (`user_id`) REFERENCES `users` (`id`) ON DELETE CASCADE ON UPDATE NO ACTION;
COMMIT;

/*!40101 SET CHARACTER_SET_CLIENT=@OLD_CHARACTER_SET_CLIENT */;
/*!40101 SET CHARACTER_SET_RESULTS=@OLD_CHARACTER_SET_RESULTS */;
/*!40101 SET COLLATION_CONNECTION=@OLD_COLLATION_CONNECTION */;
